label,auc,auprc
Atelectasis,0.8068813358282244,0.4284478219408966
Cardiomegaly,0.8574252491930664,0.49956600496417053
Consolidation,0.804355616872353,0.18295278934549739
Edema,0.8982352905983322,0.5788877198838647
No Finding,0.8901371528359731,0.7687791080126323
Pleural Effusion,0.9223226336783381,0.7969156611559671
Pneumonia,0.7825354076714773,0.2046129851453154
Pneumothorax,0.9059759002814074,0.5384569198765242
