,diseases,%M,Gap_M,%F,Gap_F
0,Pleural Effusion,0.5548553595006602,3.8704879884776666e-05,0.4451446404993398,-3.8704879884776666e-05
1,Consolidation,0.5637176620887895,0.0021265123455510015,0.43628233791121046,-0.0021265123455510015
2,Edema,0.54799459215863,0.003268156058141347,0.45200540784137,-0.003268156058141347
3,Pneumothorax,0.6327529923830251,0.005827202955319799,0.367247007616975,-0.005827202955319799
4,Cardiomegaly,0.5474743008732177,0.01734072632525907,0.45252569912678237,-0.01734072632525907
5,Atelectasis,0.5768130241736557,0.031369700608937845,0.42318697582634435,-0.031369700608937845
6,No Finding,0.4984257566524477,-0.04599672249875719,0.5015742433475523,0.04599672249875719
7,Pneumonia,0.5430276381909548,0.06413019066301756,0.4569723618090452,-0.06413019066301756
