label,auc,auprc
Atelectasis,0.8071384530341416,0.42510495686091343
Cardiomegaly,0.8548289164889763,0.4937158181290092
Consolidation,0.8054478472518001,0.18082344103293352
Edema,0.8985655404912507,0.5777730305688411
No Finding,0.8898419738147657,0.7698762755829522
Pleural Effusion,0.9209265350072098,0.7916108035408617
Pneumonia,0.7841814374738731,0.20327431559046036
Pneumothorax,0.9041388122542859,0.5384723050523673
