,diseases,%M,Gap_M,%F,Gap_F
0,Pleural Effusion,0.5548553595006602,-0.0030181493656898928,0.4451446404993398,0.0030181493656898928
1,Consolidation,0.5637176620887895,-0.008036947478006956,0.43628233791121046,0.008036947478006956
2,Atelectasis,0.5768130241736557,0.008533832580333689,0.42318697582634435,-0.008533832580333689
3,Edema,0.54799459215863,0.018449790431337654,0.45200540784137,-0.018449790431337654
4,Cardiomegaly,0.5474743008732177,-0.01872595065821947,0.45252569912678237,0.01872595065821947
5,Pneumothorax,0.6327529923830251,0.04701251552498331,0.367247007616975,-0.04701251552498331
6,No Finding,0.4984257566524477,-0.048569426358885726,0.5015742433475523,0.048569426358885726
7,Pneumonia,0.5430276381909548,0.06613202315861022,0.4569723618090452,-0.06613202315861022
