label,auc,auprc
Atelectasis,0.8082850321335538,0.4288946219634466
Cardiomegaly,0.8576378396148783,0.49709524892969315
Consolidation,0.8049927815556207,0.18063663550701958
Edema,0.8989570823647449,0.5812775736111722
No Finding,0.890471577258039,0.7715412416827963
Pleural Effusion,0.9235203642005092,0.7988857053496818
Pneumonia,0.7843108384783136,0.20294828082516933
Pneumothorax,0.9030084001651352,0.5240215427852447
