label,bestthr
Atelectasis,0.1673695147037506
Cardiomegaly,0.3152318000793457
Consolidation,0.11368683725595474
Edema,0.2717383801937103
Enlarged Cardiomediastinum,0.10871494561433792
Fracture,0.14236733317375183
Lung Lesion,0.1674288809299469
Lung Opacity,0.32367897033691406
No Finding,0.2048744112253189
Pleural Effusion,0.3129672408103943
Pleural Other,0.17191782593727112
Pneumonia,0.08691060543060303
Pneumothorax,0.28157153725624084
Support Devices,0.4438942074775696
