label,bestthr
Atelectasis,0.19796554744243622
Cardiomegaly,0.21177031099796295
Consolidation,0.12134473025798798
Edema,0.3148280680179596
Enlarged Cardiomediastinum,0.11572611331939697
Fracture,0.12255597114562988
Lung Lesion,0.13732953369617462
Lung Opacity,0.3269180655479431
No Finding,0.2078498750925064
Pleural Effusion,0.3263922333717346
Pleural Other,0.0791437029838562
Pneumonia,0.09042023867368698
Pneumothorax,0.2027648538351059
Support Devices,0.4021569788455963
