label,auc,auprc
Atelectasis,0.8099101771245218,0.4300398036786839
Cardiomegaly,0.8562682177006657,0.4955916980334204
Consolidation,0.8062057881658601,0.1831025877675822
Edema,0.8981249399711515,0.5748040618171979
No Finding,0.890740649568231,0.7710985455391424
Pleural Effusion,0.9226895283354628,0.7950066441860852
Pneumonia,0.7849641138437322,0.2043390597121818
Pneumothorax,0.9061060132350577,0.5311961557240884
