label,auc,auprc
Atelectasis,0.8078460533339479,0.4276313633380271
Cardiomegaly,0.8554707759748393,0.49190776406982173
Consolidation,0.8036618374446042,0.17672438524132336
Edema,0.8972282535331128,0.5727272590386413
No Finding,0.8900946943875385,0.769481398814071
Pleural Effusion,0.9218426033891811,0.7944799705560551
Pneumonia,0.7842657813297305,0.20286934807457008
Pneumothorax,0.9009801495404546,0.5121964209689047
