,diseases,%M,Gap_M,%F,Gap_F
0,Pleural Effusion,0.5548553595006602,-0.000863101321106674,0.4451446404993398,0.000863101321106674
1,Consolidation,0.5637176620887895,-0.0008954827684892891,0.43628233791121046,0.0008954827684892891
2,Edema,0.54799459215863,-0.022525556554022108,0.45200540784137,0.022525556554022108
3,Atelectasis,0.5768130241736557,0.03317822398425996,0.42318697582634435,-0.03317822398425996
4,Pneumothorax,0.6327529923830251,0.034309735358746596,0.367247007616975,-0.034309735358746596
5,Cardiomegaly,0.5474743008732177,-0.04489494851999609,0.45252569912678237,0.04489494851999609
6,No Finding,0.4984257566524477,-0.050985047825389374,0.5015742433475523,0.050985047825389374
7,Pneumonia,0.5430276381909548,0.0529420299360614,0.4569723618090452,-0.0529420299360614
